country;country_name;num_importadores;type_data;market_coverage;importer_name;supplier;country_origin;product;volume;price;contact_data
US;United States;6186646;Customs;100%;Yes;Yes;Yes;Yes;Yes;Yes;Yes
EC;Ecuador;420933;Customs;100%;Yes;Yes;Yes;Yes;Yes;Yes;Yes
IN;India;183164;Customs;100%;Yes;Yes;Yes;Yes;Yes;Yes;Yes
TR;Turkey;114186;Customs;100%;Yes;Yes;Yes;Yes;Yes;Yes;Yes
CN;China;157799;Mixed;50-70%;Yes;Yes;Yes;Yes;Yes;70%;Yes
VN;Viet Nam;123799;Customs;100%;Yes;Yes;Yes;Yes;Yes;Yes;Yes
PH;Philippines;106231;Customs;100%;Yes;Yes;Yes;Yes;Yes;Yes;Yes
CR;Costa Rica;90650;Customs;100%;Yes;Yes;Yes;Yes;Yes;Yes;Yes
MX;Mexico;106025;Customs;100%;Yes;Yes;Yes;Yes;Yes;Yes;Yes
PE;Peru;65228;Partial Customs;100%;Yes;No;Yes;Yes;Yes;Yes;Yes
DE;Germany;93253;Mixed;50-70%;Yes;Yes;Yes;Yes;Yes;70%;Yes
RU;Russian Federation;100630;Customs;100%;Yes;Yes;Yes;Yes;Yes;Yes;Yes
AE;United Arab Emirates;81882;Mixed;50-70%;Yes;Yes;Yes;Yes;Yes;70%;Yes
CO;Colombia;58410;Customs;100%;Yes;Yes;Yes;Yes;Yes;Yes;Yes
BO;Bolivia;59448;Customs;100%;Yes;Yes;Yes;Yes;Yes;Yes;Yes
IT;Italy;75852;Mixed;50-70%;Yes;Yes;Yes;Yes;Yes;70%;Yes
KE;Kenya;86103;Customs;100%;Yes;Yes;Yes;Yes;Yes;Yes;Yes
ES;Spain;69968;Mixed;50-70%;Yes;Yes;Yes;Yes;Yes;70%;Yes
UA;Ukraine;152603;Customs;100%;Yes;Yes;Yes;Yes;Yes;Yes;Yes
JP;Japan;53185;Mixed;50-70%;Yes;Yes;Yes;Yes;Yes;70%;Yes
GH;Ghana;99698;Customs;100%;Yes;Yes;Yes;Yes;Yes;Yes;Yes
UG;Uganda;115885;Customs;100%;Yes;Yes;Yes;Yes;Yes;Yes;Yes
FR;France;74976;Mixed;50-70%;Yes;Yes;Yes;Yes;Yes;70%;Yes
NL;Netherlands;95873;Mixed;50-70%;Yes;Yes;Yes;Yes;Yes;70%;Yes
AR;Argentina;39266;Partial Customs;100%;Yes;No;Yes;Yes;Yes;Yes;Yes
NP;Nepal;45735;Mixed;50-70%;Yes;Yes;Yes;Yes;Yes;70%;Yes
PA;Panama;42779;Customs;100%;Yes;Yes;Yes;Yes;Yes;Yes;Yes
UZ;Uzbekistan;121000;Customs;100%;Yes;Yes;Yes;Yes;Yes;Yes;Yes
SA;Saudi Arabia;49830;Mixed;50-70%;Yes;Yes;Yes;Yes;Yes;70%;Yes
AU;Australia;59948;Mixed;50-70%;Yes;Yes;Yes;Yes;Yes;70%;Yes
KR;Korea, Republic of;49072;Mixed;50-70%;Yes;Yes;Yes;Yes;Yes;70%;Yes
KZ;Kazakhstan;216061;Customs;100%;Yes;Yes;Yes;Yes;Yes;Yes;Yes
PK;Pakistan;132590;Customs;100%;Yes;Yes;Yes;Yes;Yes;Yes;Yes
BR;Brazil;43318;Customs;100%;Yes;Yes;Yes;Yes;Yes;Yes;Yes
LK;Sri Lanka;64516;Customs;100%;Yes;Yes;Yes;Yes;Yes;Yes;Yes
PL;Poland;36538;Mixed;50-70%;Yes;Yes;Yes;Yes;Yes;70%;Yes
MY;Malaysia;34237;Mixed;50-70%;Yes;Yes;Yes;Yes;Yes;70%;Yes
BD;Bangladesh;37828;Customs;100%;Yes;Yes;Yes;Yes;Yes;Yes;Yes
NG;Nigeria;40332;Customs;100%;Yes;Yes;Yes;Yes;Yes;Yes;Yes
ZA;South Africa;38173;Mixed;50-70%;Yes;Yes;Yes;Yes;Yes;70%;Yes
UY;Uruguay;27826;Partial Customs;100%;Yes;No;Yes;Yes;Yes;Yes;Yes
SG;Singapore;33385;Mixed;50-70%;Yes;Yes;Yes;Yes;Yes;70%;Yes
ID;Indonesia;27374;Mixed;50-70%;Yes;Yes;Yes;Yes;Yes;70%;Yes
PT;Portugal;38438;Mixed;50-70%;Yes;Yes;Yes;Yes;Yes;70%;Yes
VE;Venezuela, Bolivarian Republic of;18997;Partial Customs;100%;Yes;No;Yes;Yes;Yes;Yes;Yes
TH;Thailand;26450;Mixed;50-70%;Yes;Yes;Yes;Yes;Yes;70%;Yes
BW;Botswana;45517;Customs;100%;Yes;Yes;Yes;Yes;Yes;Yes;Yes
GR;Greece;28861;Mixed;50-70%;Yes;Yes;Yes;Yes;Yes;70%;Yes
HK;Hong Kong;36800;Mixed;50-70%;Yes;Yes;Yes;Yes;Yes;70%;Yes
RO;Romania;23870;Mixed;50-70%;Yes;Yes;Yes;Yes;Yes;70%;Yes
EG;Egypt;28709;Mixed;50-70%;Yes;Yes;Yes;Yes;Yes;70%;Yes
BE;Belgium;28749;Mixed;50-70%;Yes;Yes;Yes;Yes;Yes;70%;Yes
TW;Taiwan, Province of China;30158;Mixed;50-70%;Yes;Yes;Yes;Yes;Yes;70%;Yes
IQ;Iraq;19041;Mixed;50-70%;Yes;Yes;Yes;Yes;Yes;70%;Yes
GE;Georgia;17553;Mixed;50-70%;Yes;Yes;Yes;Yes;Yes;70%;Yes
ET;Ethiopia;24595;Customs;100%;Yes;Yes;Yes;Yes;Yes;Yes;Yes
CD;Congo, The Democratic Republic of the;43810;Mixed;50-70%;Yes;Yes;Yes;Yes;Yes;70%;Yes
RW;Rwanda;21713;Customs;100%;Yes;Yes;Yes;Yes;Yes;Yes;Yes
IL;Israel;19246;Mixed;50-70%;Yes;Yes;Yes;Yes;Yes;70%;Yes
BT;Bhutan;18214;Mixed;50-70%;Yes;Yes;Yes;Yes;Yes;70%;Yes
CL;Chile;14429;Partial Customs;100%;Yes;No;Yes;Yes;Yes;Yes;Yes
AZ;Azerbaijan;14411;Mixed;50-70%;Yes;Yes;Yes;Yes;Yes;70%;Yes
MA;Morocco;15064;Mixed;50-70%;Yes;Yes;Yes;Yes;Yes;70%;Yes
SE;Sweden;17924;Mixed;50-70%;Yes;Yes;Yes;Yes;Yes;70%;Yes
DZ;Algeria;23888;Mixed;50-70%;Yes;Yes;Yes;Yes;Yes;70%;Yes
BG;Bulgaria;11613;Mixed;50-70%;Yes;Yes;Yes;Yes;Yes;70%;Yes
BI;Burundi;14170;Customs;100%;Yes;Yes;Yes;Yes;Yes;Yes;Yes
QA;Qatar;14348;Mixed;50-70%;Yes;Yes;Yes;Yes;Yes;70%;Yes
GT;Guatemala;11983;Mixed;50-70%;Yes;Yes;Yes;Yes;Yes;70%;Yes
DO;Dominican Republic;11996;Mixed;50-70%;Yes;Yes;Yes;Yes;Yes;70%;Yes
PY;Paraguay;10187;Partial Customs;100%;Yes;No;Yes;Yes;Yes;Yes;Yes
AO;Angola;18377;Mixed;50-70%;Yes;Yes;Yes;Yes;Yes;70%;Yes
OM;Oman;12413;Mixed;50-70%;Yes;Yes;Yes;Yes;Yes;70%;Yes
KW;Kuwait;13256;Mixed;50-70%;Yes;Yes;Yes;Yes;Yes;70%;Yes
NZ;New Zealand;13748;Mixed;50-70%;Yes;Yes;Yes;Yes;Yes;70%;Yes
CI;Cote d'Ivoire;20151;Customs;100%;Yes;Yes;Yes;Yes;Yes;Yes;Yes
SN;Senegal;14023;Mixed;50-70%;Yes;Yes;Yes;Yes;Yes;70%;Yes
CH;Switzerland;27729;Mixed;50-70%;Yes;Yes;Yes;Yes;Yes;70%;Yes
HU;Hungary;13828;Mixed;50-70%;Yes;Yes;Yes;Yes;Yes;70%;Yes
CZ;Czechia;15735;Mixed;50-70%;Yes;Yes;Yes;Yes;Yes;70%;Yes
MW;Malawi;28479;Customs;100%;Yes;Yes;Yes;Yes;Yes;Yes;Yes
LY;Libya;10173;Mixed;50-70%;Yes;Yes;Yes;Yes;Yes;70%;Yes
TZ;Tanzania, United Republic of;13858;Mixed;50-70%;Yes;Yes;Yes;Yes;Yes;70%;Yes
SS;South Sudan;17032;Mixed;50-70%;Yes;Yes;Yes;Yes;Yes;70%;Yes
AT;Austria;15166;Mixed;50-70%;Yes;Yes;Yes;Yes;Yes;70%;Yes
IE;Ireland;10664;Mixed;50-70%;Yes;Yes;Yes;Yes;Yes;70%;Yes
MD;Moldova, Republic of;9051;Mixed;50-70%;Yes;Yes;Yes;Yes;Yes;70%;Yes
NI;Nicaragua;4847;Customs;100%;Yes;Yes;Yes;Yes;Yes;Yes;Yes
MV;Maldives;9085;Mixed;50-70%;Yes;Yes;Yes;Yes;Yes;70%;Yes
HN;Honduras;8569;Mixed;50-70%;Yes;Yes;Yes;Yes;Yes;70%;Yes
DK;Denmark;12500;Mixed;50-70%;Yes;Yes;Yes;Yes;Yes;70%;Yes
TN;Tunisia;9755;Mixed;50-70%;Yes;Yes;Yes;Yes;Yes;70%;Yes
JO;Jordan;10188;Mixed;50-70%;Yes;Yes;Yes;Yes;Yes;70%;Yes
SV;El Salvador;7391;Mixed;50-70%;Yes;Yes;Yes;Yes;Yes;70%;Yes
RS;Serbia;8392;Mixed;50-70%;Yes;Yes;Yes;Yes;Yes;70%;Yes
LB;Lebanon;9215;Mixed;50-70%;Yes;Yes;Yes;Yes;Yes;70%;Yes
NO;Norway;8132;Mixed;50-70%;Yes;Yes;Yes;Yes;Yes;70%;Yes
BH;Bahrain;6663;Mixed;50-70%;Yes;Yes;Yes;Yes;Yes;70%;Yes
SY;Syrian Arab Republic;7464;Mixed;50-70%;Yes;Yes;Yes;Yes;Yes;70%;Yes
SK;Slovakia;7207;Mixed;50-70%;Yes;Yes;Yes;Yes;Yes;70%;Yes
IR;Iran, Islamic Republic of;8315;Mixed;50-70%;Yes;Yes;Yes;Yes;Yes;70%;Yes
VC;Saint Vincent and the Grenadines;16193;Mixed;50-70%;Yes;Yes;Yes;Yes;Yes;70%;Yes
TJ;Tajikistan;10496;Mixed;50-70%;Yes;Yes;Yes;Yes;Yes;70%;Yes
HR;Croatia;6671;Mixed;50-70%;Yes;Yes;Yes;Yes;Yes;70%;Yes
LT;Lithuania;7070;Mixed;50-70%;Yes;Yes;Yes;Yes;Yes;70%;Yes
MZ;Mozambique;8034;Mixed;50-70%;Yes;Yes;Yes;Yes;Yes;70%;Yes
AL;Albania;4941;Mixed;50-70%;Yes;Yes;Yes;Yes;Yes;70%;Yes
LS;Lesotho;14369;Customs;100%;Yes;Yes;Yes;Yes;Yes;Yes;Yes
TT;Trinidad and Tobago;4736;Mixed;50-70%;Yes;Yes;Yes;Yes;Yes;70%;Yes
FI;Finland;10159;Mixed;50-70%;Yes;Yes;Yes;Yes;Yes;70%;Yes
BS;Bahamas;5063;Mixed;50-70%;Yes;Yes;Yes;Yes;Yes;70%;Yes
TM;Turkmenistan;5549;Mixed;50-70%;Yes;Yes;Yes;Yes;Yes;70%;Yes
SI;Slovenia;6894;Mixed;50-70%;Yes;Yes;Yes;Yes;Yes;70%;Yes
MK;North Macedonia;4116;Mixed;50-70%;Yes;Yes;Yes;Yes;Yes;70%;Yes
GY;Guyana;4568;Mixed;50-70%;Yes;Yes;Yes;Yes;Yes;70%;Yes
JM;Jamaica;4060;Mixed;50-70%;Yes;Yes;Yes;Yes;Yes;70%;Yes
MU;Mauritius;6101;Mixed;50-70%;Yes;Yes;Yes;Yes;Yes;70%;Yes
ZM;Zambia;6967;Mixed;50-70%;Yes;Yes;Yes;Yes;Yes;70%;Yes
BA;Bosnia and Herzegovina;3883;Mixed;50-70%;Yes;Yes;Yes;Yes;Yes;70%;Yes
ZW;Zimbabwe;6585;Mixed;50-70%;Yes;Yes;Yes;Yes;Yes;70%;Yes
ML;Mali;9780;Mixed;50-70%;Yes;Yes;Yes;Yes;Yes;70%;Yes
GN;Guinea;6043;Mixed;50-70%;Yes;Yes;Yes;Yes;Yes;70%;Yes
LV;Latvia;4428;Mixed;50-70%;Yes;Yes;Yes;Yes;Yes;70%;Yes
BF;Burkina Faso;7234;Mixed;50-70%;Yes;Yes;Yes;Yes;Yes;70%;Yes
KG;Kyrgyzstan;6448;Mixed;50-70%;Yes;Yes;Yes;Yes;Yes;70%;Yes
KH;Cambodia;5363;Mixed;50-70%;Yes;Yes;Yes;Yes;Yes;70%;Yes
LC;Saint Lucia;10252;Mixed;50-70%;Yes;Yes;Yes;Yes;Yes;70%;Yes
YE;Yemen;4961;Mixed;50-70%;Yes;Yes;Yes;Yes;Yes;70%;Yes
AF;Afghanistan;6723;Mixed;50-70%;Yes;Yes;Yes;Yes;Yes;70%;Yes
MT;Malta;3969;Mixed;50-70%;Yes;Yes;Yes;Yes;Yes;70%;Yes
DJ;Djibouti;4286;Mixed;50-70%;Yes;Yes;Yes;Yes;Yes;70%;Yes
EE;Estonia;3346;Mixed;50-70%;Yes;Yes;Yes;Yes;Yes;70%;Yes
MN;Mongolia;3242;Mixed;50-70%;Yes;Yes;Yes;Yes;Yes;70%;Yes
SO;Somalia;4313;Mixed;50-70%;Yes;Yes;Yes;Yes;Yes;70%;Yes
BY;Belarus;3937;Mixed;50-70%;Yes;Yes;Yes;Yes;Yes;70%;Yes
SD;Sudan;4697;Mixed;50-70%;Yes;Yes;Yes;Yes;Yes;70%;Yes
TG;Togo;4897;Mixed;50-70%;Yes;Yes;Yes;Yes;Yes;70%;Yes
MR;Mauritania;3233;Mixed;50-70%;Yes;Yes;Yes;Yes;Yes;70%;Yes
SL;Sierra Leone;3574;Mixed;50-70%;Yes;Yes;Yes;Yes;Yes;70%;Yes
IS;Iceland;2609;Mixed;50-70%;Yes;Yes;Yes;Yes;Yes;70%;Yes
MM;Myanmar;3748;Mixed;50-70%;Yes;Yes;Yes;Yes;Yes;70%;Yes
SC;Seychelles;2238;Mixed;50-70%;Yes;Yes;Yes;Yes;Yes;70%;Yes
CY;Cyprus;4040;Mixed;50-70%;Yes;Yes;Yes;Yes;Yes;70%;Yes
GA;Gabon;3021;Mixed;50-70%;Yes;Yes;Yes;Yes;Yes;70%;Yes
CU;Cuba;2643;Mixed;50-70%;Yes;Yes;Yes;Yes;Yes;70%;Yes
BJ;Benin;3534;Mixed;50-70%;Yes;Yes;Yes;Yes;Yes;70%;Yes
LR;Liberia;3056;Mixed;50-70%;Yes;Yes;Yes;Yes;Yes;70%;Yes
MG;Madagascar;2981;Mixed;50-70%;Yes;Yes;Yes;Yes;Yes;70%;Yes
HT;Haiti;1802;Mixed;50-70%;Yes;Yes;Yes;Yes;Yes;70%;Yes
BB;Barbados;1966;Mixed;50-70%;Yes;Yes;Yes;Yes;Yes;70%;Yes
ME;Montenegro;1510;Mixed;50-70%;Yes;Yes;Yes;Yes;Yes;70%;Yes
BM;Bermuda;67;Mixed;50-70%;Yes;Yes;Yes;Yes;Yes;70%;Yes
BZ;Belize;2462;Mixed;50-70%;Yes;Yes;Yes;Yes;Yes;70%;Yes
SR;Suriname;1510;Mixed;50-70%;Yes;Yes;Yes;Yes;Yes;70%;Yes
AG;Antigua and Barbuda;1541;Mixed;50-70%;Yes;Yes;Yes;Yes;Yes;70%;Yes
GM;Gambia;2289;Mixed;50-70%;Yes;Yes;Yes;Yes;Yes;70%;Yes
GD;Grenada;1753;Mixed;50-70%;Yes;Yes;Yes;Yes;Yes;70%;Yes
GQ;Equatorial Guinea;1372;Mixed;50-70%;Yes;Yes;Yes;Yes;Yes;70%;Yes
LU;Luxembourg;1532;Mixed;50-70%;Yes;Yes;Yes;Yes;Yes;70%;Yes
ST;Sao Tome and Principe;2555;Customs;100%;Yes;Yes;Yes;Yes;Yes;Yes;Yes
CG;Congo;1592;Mixed;50-70%;Yes;Yes;Yes;Yes;Yes;70%;Yes
LA;Lao People's Democratic Republic;1381;Mixed;50-70%;Yes;Yes;Yes;Yes;Yes;70%;Yes
AM;Armenia;1910;Mixed;50-70%;Yes;Yes;Yes;Yes;Yes;70%;Yes
FJ;Fiji;1454;Mixed;50-70%;Yes;Yes;Yes;Yes;Yes;70%;Yes
PG;Papua New Guinea;1127;Mixed;50-70%;Yes;Yes;Yes;Yes;Yes;70%;Yes
KM;Comoros;1104;Mixed;50-70%;Yes;Yes;Yes;Yes;Yes;70%;Yes
CM;Cameroon;9606;Customs;100%;Yes;Yes;Yes;Yes;Yes;Yes;Yes
BN;Brunei Darussalam;1006;Mixed;50-70%;Yes;Yes;Yes;Yes;Yes;70%;Yes
DM;Dominica;1070;Mixed;50-70%;Yes;Yes;Yes;Yes;Yes;70%;Yes
KN;Saint Kitts and Nevis;686;Mixed;50-70%;Yes;Yes;Yes;Yes;Yes;70%;Yes
WS;Samoa;720;Mixed;50-70%;Yes;Yes;Yes;Yes;Yes;70%;Yes
ER;Eritrea;574;Mixed;50-70%;Yes;Yes;Yes;Yes;Yes;70%;Yes
TD;Chad;1111;Mixed;50-70%;Yes;Yes;Yes;Yes;Yes;70%;Yes
NE;Niger;880;Mixed;50-70%;Yes;Yes;Yes;Yes;Yes;70%;Yes
MH;Marshall Islands;804;Mixed;50-70%;Yes;Yes;Yes;Yes;Yes;70%;Yes
VU;Vanuatu;415;Mixed;50-70%;Yes;Yes;Yes;Yes;Yes;70%;Yes
CV;Cabo Verde;363;Mixed;50-70%;Yes;Yes;Yes;Yes;Yes;70%;Yes
FM;Micronesia, Federated States of;249;Mixed;50-70%;Yes;Yes;Yes;Yes;Yes;70%;Yes
GW;Guinea-Bissau;406;Mixed;50-70%;Yes;Yes;Yes;Yes;Yes;70%;Yes
SZ;Eswatini;899;Mixed;50-70%;Yes;Yes;Yes;Yes;Yes;70%;Yes
TL;Timor-Leste;261;Mixed;50-70%;Yes;Yes;Yes;Yes;Yes;70%;Yes
SB;Solomon Islands;267;Mixed;50-70%;Yes;Yes;Yes;Yes;Yes;70%;Yes
CF;Central African Republic;279;Mixed;50-70%;Yes;Yes;Yes;Yes;Yes;70%;Yes
TO;Tonga;152;Mixed;50-70%;Yes;Yes;Yes;Yes;Yes;70%;Yes
LI;Liechtenstein;208;Mixed;50-70%;Yes;Yes;Yes;Yes;Yes;70%;Yes
PW;Palau;194;Mixed;50-70%;Yes;Yes;Yes;Yes;Yes;70%;Yes
MC;Monaco;224;Mixed;50-70%;Yes;Yes;Yes;Yes;Yes;70%;Yes
KI;Kiribati;137;Mixed;50-70%;Yes;Yes;Yes;Yes;Yes;70%;Yes
KP;Korea, Democratic People's Republic of;127;Mixed;50-70%;Yes;Yes;Yes;Yes;Yes;70%;Yes
AD;Andorra;274;Mixed;50-70%;Yes;Yes;Yes;Yes;Yes;70%;Yes
SM;San Marino;135;Mixed;50-70%;Yes;Yes;Yes;Yes;Yes;70%;Yes
TV;Tuvalu;22;Mixed;50-70%;Yes;Yes;Yes;Yes;Yes;70%;Yes
VA;Holy See (Vatican City State);14;Mixed;50-70%;Yes;Yes;Yes;Yes;Yes;70%;Yes
NF;Norfolk Island;7;Mixed;50-70%;Yes;Yes;Yes;Yes;Yes;70%;Yes
NR;Nauru;12;Mixed;50-70%;Yes;Yes;Yes;Yes;Yes;70%;Yes
CAN;Canada;206956;National Importers Registries;70%;Yes;No;No;Yes;No;No;Yes
GB;Great Britain;544499;Mixed;50-70%;Yes;Yes;Yes;Yes;Yes;70%;Yes
NA;Namibia;52494;Customs;100%;Yes;Yes;Yes;Yes;Yes;Yes;Yes
PR;Puerto Rico;4;Customs;100%;Yes;Yes;Yes;Yes;Yes;Yes;Yes
